{"cameraMode":{"drawMode":0,"name":"Shaded","section":"Shading Mode"},"sceneLighting":false,"audioPlay":false,"sceneViewState":{"showFog":true,"showMaterialUpdate":false,"showSkybox":true,"showFlares":true,"showImageEffects":true,"showParticleSystems":true},"in2DMode":false,"pivot":{"x":-0.06990498304367066,"y":0.12269920110702515,"z":-4.253541946411133},"rotation":{"x":-0.04468676820397377,"y":0.020977357402443887,"z":-0.0009314207709394395,"w":-0.9987969398498535},"size":4.215766429901123,"orthographic":false}